X	153758701	153758737	NO_COVERAGE
X	153758845	153759058	NO_COVERAGE
X	153759118	153759483	NO_COVERAGE
X	153759518	153761276	NO_COVERAGE
X	153761311	153761731	NO_COVERAGE
X	153761789	153764417	NO_COVERAGE
X	153764468	153764683	NO_COVERAGE
X	153764896	153765053	NO_COVERAGE
X	153765228	153765393	NO_COVERAGE
X	153765528	153765552	NO_COVERAGE
X	153765616	153765828	NO_COVERAGE
X	153765899	153765930	NO_COVERAGE
X	153766038	153766114	NO_COVERAGE
X	153766332	153766342	NO_COVERAGE
X	153766421	153766425	NO_COVERAGE
X	153766460	153766484	NO_COVERAGE
X	153766833	153766875	NO_COVERAGE
X	153767051	153767144	NO_COVERAGE
X	153767252	153767311	NO_COVERAGE
X	153767491	153767509	NO_COVERAGE
X	153767590	153767712	NO_COVERAGE
X	153767982	153768171	NO_COVERAGE
X	153768217	153768380	NO_COVERAGE
X	153768401	153768549	NO_COVERAGE
X	153768607	153769030	NO_COVERAGE
X	153769081	153769239	NO_COVERAGE
X	153769378	153769607	NO_COVERAGE
X	153769656	153769689	NO_COVERAGE
X	153769833	153770109	NO_COVERAGE
X	153770144	153770154	NO_COVERAGE
X	153770189	153770561	NO_COVERAGE
X	153770646	153770891	NO_COVERAGE
X	153771053	153771274	NO_COVERAGE
X	153771382	153771683	NO_COVERAGE
X	153771814	153771842	NO_COVERAGE
X	153771884	153772071	NO_COVERAGE
X	153772187	153772216	NO_COVERAGE
X	153772302	153772367	NO_COVERAGE
X	153772401	153772698	NO_COVERAGE
X	153772742	153772790	NO_COVERAGE
X	153772831	153772916	NO_COVERAGE
X	153772948	153772961	NO_COVERAGE
X	153773007	153773034	NO_COVERAGE
X	153773162	153773227	NO_COVERAGE
X	153773313	153773328	NO_COVERAGE
X	153773436	153773460	NO_COVERAGE
X	153773594	153773665	NO_COVERAGE
X	153773745	153773872	NO_COVERAGE
X	153773996	153774053	NO_COVERAGE
X	153774161	153774199	NO_COVERAGE
X	153774299	153774317	NO_COVERAGE
X	153774382	153774410	NO_COVERAGE
X	153774517	153774589	NO_COVERAGE
X	153774689	153774849	NO_COVERAGE
X	153774938	153775861	NO_COVERAGE
X	153775930	153775935	NO_COVERAGE
X	153776001	153776071	NO_COVERAGE
X	153776105	153776204	NO_COVERAGE
X	153776253	153776254	NO_COVERAGE
X	153776530	153776652	NO_COVERAGE
